1,�θ�,"�θ��丮 ó���̼���? �ڼ��� �θ� ������, ��ġ�� �ð� �׸��� ���ִ� �θ��丮 3���� �Ұ��Ҳ��� [����]",QTqXyjiORJw
2,�θ�,"�θ���ħ ���ְ� �����, �Ҿ���� �Ը� ����ִ� ����",8pxejtxkoQY
3,�θ�,"��ŭ�� �θ������幫ħ ����¹�, ������~ �Ը��� ���ƿɴϴ�. [��? ����]",hr3lKy2KqXc
4,�θ�,�θ���ħ ����� ������ ����� �θ����幫ħ �����,MLVJ_WMsn0Y
5,�θ�,"�θ��� ����� �̰��� �־� ��������� ���� �Ⱑ ������ !! ��ġ�¹��, �θ��� ������",u8bhp2Ruot0
6,�θ�,����� �������µθ���������...,e0EV8dHp-1Y
7,�θ�,�θ� Ƣ�� �ٻ�ٻ� ���̻� �θ��丮 �̰͹��� Ƣ�⼼��.,NJ4uofDVibQ
8,�θ�,�θ� ���� ��ħ&���޴���&�Ը� ������ �ִ� ������,0mFgVGR2-44
9,�θ�,�θ���. ��ä�� ���� : ������ �ٵ������� ���ľ� ���� ���� ������ �����˴ϴ�. �ɹ���ֺ�,bNIwRWaHq6A
10,�θ�,�θ��� ����� �� | ���� ���� �źΰ� ���� �θ� �丮 [ũ�տ���],Y8I_RIB6cgM
11,�θ�,����� ����ġ�� ���� ���� ���̳� �θ����⸻�� | ���̳� ���� EP.96,zVb2cntrdOs
12,�θ�,"�ʰ��� �θ��ʹ�ħ ���ְ� ��ġ�¹�,�θ��ʹ�ħ ���ְ� �����Ӹ������� ��ö �θ��Դϴ�.",ZX_tJqHlC_A
13,�θ�,"���������� �θ���ġ ��״� �� ""���� Ŀ���� ������� �θ��� ���ִ� ��ǰ ��ġ�� ���� ��Ű��""",qqX1WCzDlIc
14,�θ�,"�θ� �������� ��ġ�� ���, �׸��� �ʰ����� �����",8g4mKd1b3Kw
15,�θ�,�θ������ ��¹� ���� �����ϴ� ���Ͽ�� ���� �������� Ȳ�ݺ��� ������ �ɹ���ֺ�,hVvuxEIUnwI
16,�θ�,"���̳׹��� �θ����⸻��, �ҽ��� ���!",uIvXBz4AbBs
17,�θ�,�θ� �쿩�Ա�,qkqB6F_DnLw
18,�θ�,[����] �θ� �ʰ����� ��ħ,YDB_szM2ZQo
19,�θ�,�θ���ħ/���򽺷��� �����ִ¸�����!!!,ZKdQaM88Q_Y
20,�θ�,�θ��� ����� ���� ������ �ְ� �����ϰ� �ٽϹٽ� ���ִ� ��ħ �����/������(Every table),VJPQlYsJrQo
21,�θ�,�Ը� ������ �θ���ħ ������ / ��������ħ / �θ���ħ�ҽ� / ������ / food recipe,381gIPe5Pqw
22,�θ�,�θ��õ������Ҷ� �̷��� �� ������,FcIqbVyiJw0
23,�θ�,�ʰ��� �θ� �丮�� ���� �Ծ�� l [��âN���],A9Gdp4RxJeo
24,�θ�,����� ������! �θ�Ƣ�� ����� / �ٻ�ٻ� ���ο���,2uXxj62RjTY
25,�θ�,�ʰ��� ȿ�� ����! ���θ� �������� ���̡� ������ [������ 284ȸ] 20190308,eHYC0_MIIk0
26,����,�鿪�� ���̴� �������̷��Ը����� ����ȿ�������ϴ�,XKLskwHhwak
27,����,�鿪���� �����ִ� �Ϻ��� ���� ������ ����� / Ginger pickles,AL94SMBRspc
28,����,����û���� �鿪�� �⸣��!! / õ�⴩���� ���� ��� ������ ����!!/�丮���� [�ǰ��丮],7JLJ9K_JYnY
29,����,������ �̷��� �弼��. �������� �ǰ��� ���� Ȱ��� 3����,6EURp5k_fBE
30,����,"�鿪�¿� �ְ�! ""�����󶼿� ����û""(Ginger latte)",vJCwWUAiS_M
31,����,�λ��� �丮 ���� - �鿪���� ���� �����ִ� ���� ����û (Min sam's cooking lecture),ANcIxe2dhmI
32,����,"�鿪�� ���̴� �ǰ����� ""��������"" ������ ����� | How to Make ""Ginger Candies"" to Strengthen Immune System",1wIgZREVFBM
33,����,�ǰ��� ���� ���� ������ ���� ���ְ� ����� ��,rgngMvaYcms
34,����,���⿹��)�鿪���� ���̴� ���߻���������¹�(����x),WgK8vjoQfoY
35,����,[�ľຸ�� 14��] �丮�� �ŵ쳭 �Ѿ��� ���߻�����,g9JNwo0YH9E
36,����,"����,����,������*�����-�ǰ���(���⿹��,������ȯ,������鿪����,��������,�����ǰ�)�λ�����ŷ�����
",SyR_XoYMkak
37,����,"�ǰ��丮[����ûȰ���]�丮 ���Ӿƴ϶� ����û �ǰ��ϰ� �Դ¹�� 3����~����û�Դ¹�.������,��������,�����ֽ�,����Ŀ��.",0uxRTwQqiDs
38,����,"�丮�ϱⰡ �������� ���� ���� ""������ �����""",2NoYu_ziWAk
39,����,"11. �鿪�� ��� ���� ""���Ƹ��ô� ����ȫ��""",UcAwKw8EoXY
40,����,�ڷγ� �����ϴ� ù ��° �ǰ��� �̾߱�! / �鿪�¿� ���� �����ڵ�� �����,9rglsB1EpKc
41,����,����&�丮3�� ����ǰ������ �ǰ���,nJBgg_SVsxo
42,����,���ʿ� ������ ������ ��ü�� ��������. ���������� ȿ��,v5epPCund0g
43,����,"����û�� �������� ����� ����,������ ����û����¹�",N0WlixH16tc
44,����,[��������]- ���� �����ϰ� ���ִ� �ܿ�ö �ְ��� ����,m1ChwwYjT74
45,����,�鿪���� Ȯ! �÷� �� ���������������,eXUgGumpsZs
46,����,�������� Ȳ�ݷ�����/�鿪�� ���̴� ����/��������丮 ���������ʴ� �������,til-SVkU3fE
47,����,�ʻ��� ���ְ� �Դ¹� [�������� �ʻ���],YHQjTYBZhzY
48,����,"�������� ����� ��, ���� ���̵� ������ ���Ͽ� ~~ �����̾� ����û �����",8vXvFoYzATc
49,����,�鿪�� ��ȭ�� ���� ������ �����-������ �丮�� �°��� �鿪�� �⸣�� -Healthy Korean food,8mihHyNykHg
50,����,???????????? �޷Ҿ��� ����û ����� ~���� �ڼ��ϰ� ����Ʈ �˷������~#StayHome,Ch1hOkCqlNE
51,������,�������丮[���������̹�ħ]Ȳ�ݷ�����.��������ħ�Ҷ� ������ �䷸�� ������~���޴����� ��������ä��ħ.,5IGIgd6yUKc
52,������,"���������� �����, ���� ���� �ε巴�� �Դ� ���������� ���� ����� ��, ������ ���� ���� ���",8RZGr-6csEE
53,������,���� �غ�! ��� ���� �� ��° ������ �����Դϴ�. �� �������� ������������,2vrJR3ZpRf0
54,������,������ ���� (balloon flower grill),h9mXNEDHrGA
55,������,�����丮[��������������]���������ϴ� ����� �ε巴���� �ƻ��~�ϰ� ���� ����������.,KazCG3xmJyo
56,������,Ȳ�µ�������ħ | �Բ� �丮�ؿ� | ���ھ��� �ξ�,2fgZ2pqsfoU
57,������,��������ħ �������� ���ְ� �ϴ� ������ ���! ���� �߼����� �ɹ���ֺ�,4c4kQk7ed6U
58,������,"������ ��ħ ������! ������� ���� ������,�丮������,������,��뷮,�Ĵ�â��",low9Gets79E
59,������,��������ä(��ħ) ���� ���� �������� �鿪���� ���������� �ɹ���ֺ�,_pP1fIqFd_k
60,������,�̼����� �ξ�~ ��������(�����竦��ڪ) -�������� �༱�丮,BTyzlwsYGNE
61,������,�������� - �� ���� ä�ҿ丮 | Back to the Basic | Macrobiotic | vegan cooking | �⺻�丮 | �ʺ��丮 | ����丮,Lx1iH6EZ32Y
62,������,������������ ���ֳ���. ���ְ� ���ļ� ���������� ��������,tznTk4xYuK0
63,������,��.ǰ.�� ���������� �����!(balloon flower root Jeonggwa),HLQlGdMBUz4
64,������,������ �����/�����ϰ� ����־� �鿪�¿� ���� ���⿹�濡�� ���� ����/����������� ��¹�/������(Every table) �丮��Ÿ��(food style),L4oON_nLCxc
65,������,sub) ������Ƣ�� �����ʰ� ����ϰ� �ϴ� ������ �ɹ���ֺ�,UYV869OJLAY
66,������,������� �ְ� #������_��䱸��_�����_��,qFmyPkAB9VE
67,������,����� ������Ƣ��!!!!��¡� �ƴѰ���~~ ���־��� ��������!!Fries of fragrant balloon flower roots!!!!!.,IZVPRT1iVok
68,������,"���������� ���ٿ�������� ����(����������) ""������ �����(��������)�ϴ� ��� �˷��帲""",LdK4WuSbp80
69,������,�̰͸� ������?? ������ ���� �ְ��ǿ丮 !!��How to cook bellflower,xal8_irODcA
70,������,���������̹�ħ �Ķ���� ������,h76A8jy7lgs
71,������,�ְ��� �丮 ��� - �ְ���� Ȳ�º����� ��������ħ_#002,sPZQ5jeblDY
72,������,"�ٵ����� ��û�ѱ����, õ��, ����, �񿰿� ���� �Ǹ��� ���Դϴ١١�bellflower root grain syrup��",MS8UVmfdVFU
73,������,[�뵵������䱸��] �������� ������ ���ְ� �������ִ� ��䱸�� �����þ��^^,LetjUFQlOKo
74,������,�ܿ� õ�� ����� ������ ��û ����� �ʰ� ����ϰ� ����� ��,1O1Er8jlE1k
75,������,���������̹�ħȲ�ݷ����� / �����󷹽��Ƿ� ���� ���޴��� ��������,UzTJIIL4VT0
76,�丶��,[Ȩ���̵� �丮 ���̷α�] �鿪�³��̴����� �丶��丮2ź,CTGmvizn4wg
77,�丶��,"���ڿ��� �׷��� ���ٴ� ����丶�並 �̿��� �ǰ��丮, �κ� ���ڳ� �����[��ȿ�� ������ �鿪�� ���]",i67S9iBY_uM
78,�丶��,cook/�鿪�¿� ���� #�丶��丮/ �丶�� �������̵�/���̾�Ʈ �Ĵ�/�������� �ູ�� �丶��丮,Cpvx3oI6qOU
79,�丶��,�鿪���� ��Ź��3~�� (�丶��ް�����),jnQ8vZadw6E
80,�丶��,"�丶�並 �̰Ͱ� ���� ������ ������ ��Ƴ���!(�׾�ȿ��, ��ٰ��� ���� ����)",ENzdKKrtvqU
81,�丶��,[�ʰ��� ������] �鿪�¿� ���� ���̿� ǥ '�丶�丶�ù�' | �ູ�� ��ħ 283 ȸ,QOHVuxrgW_k
82,�丶��,"�丮�ʺ��ѾƸ�:�鿪�¿����� �丶��,�丶��Ұ�������常���",Tnt391wXlnY
83,�丶��,ȫ������ �˷��ִ� �׾� �ֽ� ������ - �츮�� �� �Ծ���� �������ɹ��� Best3,YfPeSNMBpWQ
84,�丶��,"�丶�� �̷��� ������ 'ȿ�� 10��' �ö� �鿪�� ����, �׾�ȿ��, ��ٰ��� ����, ���̾�Ʈȿ��, ��ȭ����, ��������ȯ ���� (�������� 100% �����ϱ�) �丶�� ȿ�ɰ� ���ۿ�",Cc23HIM7Sis
85,�丶��,�丶�� �̰Ͱ� ������ ȿ���� Ȯ �ö� �ϼ����� ������ϴ�,mJ-g5spa840
86,�丶��,[�丶������� /Tomato geotjeori]�ϻ����� �������� �Դ� �丶��,-EEsXX8b2BI
87,�丶��,������ �ǰ� ���� ���丶�� �����! ���޴��� �����丶�� �ֽ���,ERFayOH8it8
88,�丶��,"""����丶��&����ݸ� �������̵�""����Ǫ����� ȯ���ɹ� ���ľ� ������ �İ� �鿪�� ����մϴ�",DanJ0yPF1rw
89,�丶��,�丶��θ�����Ÿ & �丶�����꽺 �鿪�¿� ���� ������ Ⱦ������ ����� �丶��� ���� ���̾�Ʈ �ǰ������� ����!!,7f803Pyb51M
90,�丶��,[Ȩ���̵� �丮 ���̷α�] �鿪�³��̴����� �丶��丮2ź,CTGmvizn4wg
91,�丶��,�ڿ��� ���� �ѳ� [�丶���� �������] by�̿���PD,LZTbLf8eT1Q
92,�丶��,[�丶�����屹�� / Tomato rice soup]- ����ȣ�� �����ؼҿ�,-wteK3uPK5U
93,�丶��,���߱�ġ ��ĥ������ ��� ����� �丶��(?)  �鿪�� ���̴� ���׹̳� ����,3GSfKPfaaxE
94,�丶��,�ǰ��丮'����� �丶�佺Ʃ',9ZexbjZBwO8
95,�丶��,�ְ��� �丮 ��� - ���̰��� ����丶�� ���������� ���� ������ũ_#002,h0zN-oYnj6U
96,�丶��,[����ũ�����������]��ȯ���� �鿪�� ��� ��ȭ�� ���� �丶�� ��� ������ũ�� ������ ��ħ,RV_2QKbgPqo
97,�丶��,"""�������� ��ħ"" [����Ͻ� �귱ġ�丮] �丶��ҽ��� �ް��丮",4u_CGf4gHtY
98,�丶��,[�丶��ǻ��] ����� ��,J_90WBaV02U
99,�丶��,[�ڰ����� �ູ�� �׾Ϲ��#5] ���� ����丶�� ���� [�Ͽ��� ���Ӱ��丶�� �ڿ�ġ������(Ȳ��������) �׾Ͽ丮],W3zoV9Je6NY
100,�丶��,[HIT] 2tv ���� �������� - '�޸��� �����' �丶��丮&�ֽ�������丶������ �����ǰ��� 2. 20150623,eNuYSpZfws4
101,����,�鿪�� �������� ���ú�����,f0hg6R84f78
102,����,�鿪���� ������ ���� ���ÿ丮(#���ÿ丮 #�鿪�� #����),JioYcuBKdXc
103,����,"�ܸ��� �� ���� ȿ��! ""�鿪�� ������ ���� ���ð� ���� ���ÿ�"" healthy food for garlic and honey",OaT-zLL_9UE
104,����,�ܸ���!! �鿪�¿� Ź���� ���� �̷��� �弼��! | �Բ� �丮�ؿ� | ���ھ��� �ξ�,gS_PredChXI
105,����,"���ÿ丮, ��ġ�丮, ���ø�ġ���� | �鿪�¿� ���� ���� �̷����ؼ� ���� �弼��! ������ ������! | ���ھ��� �ξ�",dTQLKSsTkf4
106,����,�� ���� �鿪�� ����� ���� �ʰ��� �����ñ��̡�,xOUzBCZ1p2Y
107,����,"�������� �鿪�¿� ���� �������� ����� ��,�ʰ��� �������� ���ְ� �����!",_sVZp98gge4
108,����,#�鿪�� ��ȭ ������Ʈ #���ÿ丮 #������ :: Collection of garlic dishes_�̹���,-cKHskE7lxc
109,����,"[���� �丮 ������] ���� �� ����, �鿪�¿� ���ƿ�!",DQQDDRAZxms
110,����,���� ���� ����&�鿪�� ��ȭ&���� ���濡 ���� ����~,P_olTtcw6IM
111,����,�鿪�¿� ���� �ǰ��丮 �ܸ��� �����(���� ������)/�Ƹ��� ���� ����/ Healthy food: Honey garlic,kiscJ-MZC1A
112,����,�ʰ��ܻ����丮 ���÷� �鿪�� ���� ���̷����� �̰ܳ��� ������ ���ð�����ڹ�����(Maneulgodeung-eojabanjolim) ����� ����¹�,1oj7Gtjp96E
113,����,�ʰ��ܿ丮 �����ְ� �鿪�� ���̴� ���û����(Garlic Samgyetang) ���̱� ���̴¹�,UJAsmPVlVm4
114,����,"�鿪�� ���׷��̵�, ���׹̳ʿ� ���� ������ ���� ���� ǥ������ ��",YR7L-QhVzZU
115,����,���� �����ϰ� �̱�� �ǰ� ������ �����ú�����,PC0wz0avOZs
116,����,�����ѿ丮::�ڷγ�19 ��������~::�鿪�� ���̴� ����::���ÿ��� #12,UwMOiVGqNho
117,����,"����û | �Ƿ�ȸ��, �鿪�� ��ȭ�� Ź���� ������ ȿ��, ���ɿ丮û! |���ھ��� �ξ�",rLJc1i-yOpM
118,����,���� �̷��� ������ 400% ȿ�� ���� �ִ�,BuGiOiMYT8E
119,����,"""�����"" (��§�˵� ��������) - �ʰ��� ������! ������ �����!!",ZwCy4KuJQAA
120,����,#�������Բ��丮�ؿ�#����#û�����#�鿪��[�̼����� ���俣 �����] [���� ? û����� ������ ����][�鿪�� �ְ���],Fg_c0WB15AU
121,����,�鿪�� ���̴� ��� �鿪�� ���̴� �ְ��� ����,AcYjTaLboWU
122,����,�ܸ��� | ������ �鿪���� ������ �� ��! �鿪�� ���̴� �ܸ��� | ���ھ��� �ξ�,X2QFJ1Sygaw
123,����,[�丮Vlog] �鿪�� ������ ���� �޸��� �ۼ� �Һ��� | ���� �����ִ� ����ο� ���� ������ | �ǰ� ������ | �鿪�� ���� | ���� �丮 | ���� ������ | ���������̾� Ȱ��,xAQloHhjDi4
124,����,"���ð� �̰��� ���� ������ �鿪���� ���� �÷��ְ� 10���� �� ��������!!(������ ����, ��������)",urLvrKXgCtY
125,����,õ�⴩�� �ܸ����� ���� ȿ��/ ������ ���ò� ����� / ȯ���� ������ / �ڰ��鿪�� ���Դϴ� / ������� mumstaurant,QTqXyjiORJw